{
    "name": "root",
    "gauges": {
        "RollerAgent.Policy.Entropy.mean": {
            "value": 1.4074184894561768,
            "min": 1.4074184894561768,
            "max": 1.421069860458374,
            "count": 14
        },
        "RollerAgent.Policy.Entropy.sum": {
            "value": 1396.1591796875,
            "min": 1396.1591796875,
            "max": 1432.4384765625,
            "count": 14
        },
        "RollerAgent.Environment.EpisodeLength.mean": {
            "value": 10.022222222222222,
            "min": 10.022222222222222,
            "max": 17.38888888888889,
            "count": 14
        },
        "RollerAgent.Environment.EpisodeLength.sum": {
            "value": 902.0,
            "min": 902.0,
            "max": 952.0,
            "count": 14
        },
        "RollerAgent.Step.mean": {
            "value": 13981.0,
            "min": 988.0,
            "max": 13981.0,
            "count": 14
        },
        "RollerAgent.Step.sum": {
            "value": 13981.0,
            "min": 988.0,
            "max": 13981.0,
            "count": 14
        },
        "RollerAgent.Policy.ExtrinsicValueEstimate.mean": {
            "value": 0.19353222846984863,
            "min": -0.014919222332537174,
            "max": 0.3014979958534241,
            "count": 14
        },
        "RollerAgent.Policy.ExtrinsicValueEstimate.sum": {
            "value": 17.41790008544922,
            "min": -1.1786185503005981,
            "max": 17.41790008544922,
            "count": 14
        },
        "RollerAgent.Environment.CumulativeReward.mean": {
            "value": 0.32222222222222224,
            "min": 0.0,
            "max": 0.32222222222222224,
            "count": 14
        },
        "RollerAgent.Environment.CumulativeReward.sum": {
            "value": 29.0,
            "min": 0.0,
            "max": 29.0,
            "count": 14
        },
        "RollerAgent.Policy.ExtrinsicReward.mean": {
            "value": 0.32222222222222224,
            "min": 0.0,
            "max": 0.32222222222222224,
            "count": 14
        },
        "RollerAgent.Policy.ExtrinsicReward.sum": {
            "value": 29.0,
            "min": 0.0,
            "max": 29.0,
            "count": 14
        },
        "RollerAgent.Losses.PolicyLoss.mean": {
            "value": 0.2433836482263206,
            "min": 0.2230079253733493,
            "max": 0.25322606296523653,
            "count": 14
        },
        "RollerAgent.Losses.PolicyLoss.sum": {
            "value": 2.1904528340368854,
            "min": 2.0147487669271262,
            "max": 2.449327646773026,
            "count": 14
        },
        "RollerAgent.Losses.ValueLoss.mean": {
            "value": 0.04859076204661888,
            "min": 0.0037192086741453276,
            "max": 0.1359790112794634,
            "count": 14
        },
        "RollerAgent.Losses.ValueLoss.sum": {
            "value": 0.4373168584195699,
            "min": 0.03347287806730795,
            "max": 1.2238111015151707,
            "count": 14
        },
        "RollerAgent.Policy.LearningRate.mean": {
            "value": 0.00029190546936484437,
            "min": 0.00029190546936484437,
            "max": 0.0002996728001090667,
            "count": 14
        },
        "RollerAgent.Policy.LearningRate.sum": {
            "value": 0.0026271492242835996,
            "min": 0.0026271492242835996,
            "max": 0.0029729568090143994,
            "count": 14
        },
        "RollerAgent.Policy.Epsilon.mean": {
            "value": 0.19730182222222226,
            "min": 0.19730182222222226,
            "max": 0.19989093333333333,
            "count": 14
        },
        "RollerAgent.Policy.Epsilon.sum": {
            "value": 1.7757164000000003,
            "min": 1.7757164000000003,
            "max": 1.9909856000000001,
            "count": 14
        },
        "RollerAgent.Policy.Beta.mean": {
            "value": 0.00048677892888888887,
            "min": 0.00048677892888888887,
            "max": 0.0004994655733333334,
            "count": 14
        },
        "RollerAgent.Policy.Beta.sum": {
            "value": 0.00438101036,
            "min": 0.00438101036,
            "max": 0.00495582944,
            "count": 14
        },
        "RollerAgent.IsTraining.mean": {
            "value": 1.0,
            "min": 1.0,
            "max": 1.0,
            "count": 14
        },
        "RollerAgent.IsTraining.sum": {
            "value": 1.0,
            "min": 1.0,
            "max": 1.0,
            "count": 14
        }
    },
    "metadata": {
        "timer_format_version": "0.1.0",
        "start_time_seconds": "1641398015",
        "python_version": "3.7.11 (default, Jul 27 2021, 09:42:29) [MSC v.1916 64 bit (AMD64)]",
        "command_line_arguments": "C:\\Users\\Usuario\\anaconda3\\envs\\mlagents\\Scripts\\mlagents-learn RollerAgent_config.yaml --run-id=RollerAgent --force",
        "mlagents_version": "0.27.0",
        "mlagents_envs_version": "0.27.0",
        "communication_protocol_version": "1.5.0",
        "pytorch_version": "1.7.1+cu110",
        "numpy_version": "1.21.5",
        "end_time_seconds": "1641398163"
    },
    "total": 148.3743095,
    "count": 1,
    "self": 0.004271100000039496,
    "children": {
        "run_training.setup": {
            "total": 0.07565490000000008,
            "count": 1,
            "self": 0.07565490000000008
        },
        "TrainerController.start_learning": {
            "total": 148.29438349999998,
            "count": 1,
            "self": 0.24667349999927524,
            "children": {
                "TrainerController._reset_env": {
                    "total": 5.4900929000000005,
                    "count": 1,
                    "self": 5.4900929000000005
                },
                "TrainerController.advance": {
                    "total": 142.4974836000007,
                    "count": 15030,
                    "self": 0.2541802000000075,
                    "children": {
                        "env_step": {
                            "total": 113.92877879999998,
                            "count": 15030,
                            "self": 93.24147060000064,
                            "children": {
                                "SubprocessEnvManager._take_step": {
                                    "total": 20.52961540000019,
                                    "count": 15030,
                                    "self": 0.6692332000004413,
                                    "children": {
                                        "TorchPolicy.evaluate": {
                                            "total": 19.860382199999748,
                                            "count": 14034,
                                            "self": 8.710403700000125,
                                            "children": {
                                                "TorchPolicy.sample_actions": {
                                                    "total": 11.149978499999623,
                                                    "count": 14034,
                                                    "self": 11.149978499999623
                                                }
                                            }
                                        }
                                    }
                                },
                                "workers": {
                                    "total": 0.1576927999991531,
                                    "count": 15029,
                                    "self": 0.0,
                                    "children": {
                                        "worker_root": {
                                            "total": 143.58897660000042,
                                            "count": 15029,
                                            "is_parallel": true,