{
    "name": "root",
    "gauges": {
        "RollerAgent.Policy.Entropy.mean": {
            "value": 0.9263438582420349,
            "min": 0.9198942184448242,
            "max": 1.0052142143249512,
            "count": 53
        },
        "RollerAgent.Policy.Entropy.sum": {
            "value": 905.0379638671875,
            "min": 754.9158935546875,
            "max": 1041.772216796875,
            "count": 53
        },
        "RollerAgent.Step.mean": {
            "value": 212974.0,
            "min": 160993.0,
            "max": 212974.0,
            "count": 53
        },
        "RollerAgent.Step.sum": {
            "value": 212974.0,
            "min": 160993.0,
            "max": 212974.0,
            "count": 53
        },
        "RollerAgent.Policy.ExtrinsicValueEstimate.mean": {
            "value": 3.028015613555908,
            "min": 1.228271245956421,
            "max": 3.199615001678467,
            "count": 53
        },
        "RollerAgent.Policy.ExtrinsicValueEstimate.sum": {
            "value": 78.72840881347656,
            "min": 31.93505096435547,
            "max": 85.12916564941406,
            "count": 53
        },
        "RollerAgent.Environment.EpisodeLength.mean": {
            "value": 74.15384615384616,
            "min": 74.07142857142857,
            "max": 74.15384615384616,
            "count": 53
        },
        "RollerAgent.Environment.EpisodeLength.sum": {
            "value": 964.0,
            "min": 741.0,
            "max": 1038.0,
            "count": 53
        },
        "RollerAgent.Environment.CumulativeReward.mean": {
            "value": 7.153846153846154,
            "min": 5.3076923076923075,
            "max": 9.461538461538462,
            "count": 53
        },
        "RollerAgent.Environment.CumulativeReward.sum": {
            "value": 93.0,
            "min": 69.0,
            "max": 130.0,
            "count": 53
        },
        "RollerAgent.Policy.ExtrinsicReward.mean": {
            "value": 7.153846153846154,
            "min": 5.3076923076923075,
            "max": 9.461538461538462,
            "count": 53
        },
        "RollerAgent.Policy.ExtrinsicReward.sum": {
            "value": 93.0,
            "min": 69.0,
            "max": 130.0,
            "count": 53
        },
        "RollerAgent.Losses.PolicyLoss.mean": {
            "value": 0.24594904715638785,
            "min": 0.22214926657422138,
            "max": 0.2605062890258278,
            "count": 53
        },
        "RollerAgent.Losses.PolicyLoss.sum": {
            "value": 1.721643330094715,
            "min": 1.153527022573343,
            "max": 1.8235440231807944,
            "count": 53
        },
        "RollerAgent.Losses.ValueLoss.mean": {
            "value": 1.9148575783367197,
            "min": 0.17682610440619842,
            "max": 2.6342205797080642,
            "count": 53
        },
        "RollerAgent.Losses.ValueLoss.sum": {
            "value": 13.404003048357037,
            "min": 1.0609566264371906,
            "max": 18.185936760902404,
            "count": 53
        },
        "RollerAgent.Policy.LearningRate.mean": {
            "value": 0.0001724928425024,
            "min": 0.0001724928425024,
            "max": 0.00020358423213860002,
            "count": 53
        },
        "RollerAgent.Policy.LearningRate.sum": {
            "value": 0.0012074498975168,
            "min": 0.0010179211606930001,
            "max": 0.0014175194274936003,
            "count": 53
        },
        "RollerAgent.Policy.Epsilon.mean": {
            "value": 0.27249280000000003,
            "min": 0.27249280000000003,
            "max": 0.3035842,
            "count": 53
        },
        "RollerAgent.Policy.Epsilon.sum": {
            "value": 1.9074496000000003,
            "min": 1.517921,
            "max": 2.1175192000000003,
            "count": 53
        },
        "RollerAgent.Policy.Beta.mean": {
            "value": 0.00029173824000000006,
            "min": 0.00029173824000000006,
            "max": 0.00034252086,
            "count": 53
        },
        "RollerAgent.Policy.Beta.sum": {
            "value": 0.0020421676800000004,
            "min": 0.0017126043,
            "max": 0.0023852813600000002,
            "count": 53
        },
        "RollerAgent.IsTraining.mean": {
            "value": 1.0,
            "min": 1.0,
            "max": 1.0,
            "count": 53
        },
        "RollerAgent.IsTraining.sum": {
            "value": 1.0,
            "min": 1.0,
            "max": 1.0,
            "count": 53
        }
    },
    "metadata": {
        "timer_format_version": "0.1.0",
        "start_time_seconds": "1642851799",
        "python_version": "3.7.11 (default, Jul 27 2021, 09:42:29) [MSC v.1916 64 bit (AMD64)]",
        "command_line_arguments": "C:\\Users\\Usuario\\anaconda3\\envs\\mlagents\\Scripts\\mlagents-learn RollerAgent_config.yaml --run-id=RollerAgent --resume",
        "mlagents_version": "0.27.0",
        "mlagents_envs_version": "0.27.0",
        "communication_protocol_version": "1.5.0",
        "pytorch_version": "1.7.1+cu110",
        "numpy_version": "1.21.5",
        "end_time_seconds": "1642852398"
    },
    "total": 598.4258355999999,
    "count": 1,
    "self": 0.0040565999998989355,
    "children": {
        "run_training.setup": {
            "total": 0.0805823,
            "count": 1,
            "self": 0.0805823
        },
        "TrainerController.start_learning": {
            "total": 598.3411967000001,
            "count": 1,
            "self": 0.9651819999962754,
            "children": {
                "TrainerController._reset_env": {
                    "total": 5.5486889999999995,
                    "count": 1,
                    "self": 5.5486889999999995
                },
                "TrainerController.advance": {
                    "total": 591.7607953000038,
                    "count": 53546,
                    "self": 1.0337523999882023,
                    "children": {
                        "env_step": {
                            "total": 482.5309454000004,
                            "count": 53546,
                            "self": 403.4708573000014,
                            "children": {
                                "SubprocessEnvManager._take_step": {
                                    "total": 78.44165549999491,
                                    "count": 53546,
                                    "self": 2.7837333000074977,
                                    "children": {
                                        "TorchPolicy.evaluate": {
                                            "total": 75.65792219998741,
                                            "count": 52912,
                                            "self": 32.99555879998722,
                                            "children": {
                                                "TorchPolicy.sample_actions": {
                                                    "total": 42.66236340000019,
                                                    "count": 52912,
                                                    "self": 42.66236340000019
                                                }
                                            }
                                        }
                                    }
                                },
                                "workers": {
                                    "total": 0.6184326000041125,
                                    "count": 53545,
                                    "self": 0.0,
                                    "children": {
                                        "worker_root": {
                                            "total": 592.6862986999932,
                                            "count": 53545,
                                            "is_parallel": true,
                                            "self": 229.70931569999,