{
    "name": "root",
    "gauges": {
        "RollerAgent.Policy.Entropy.mean": {
            "value": 1.3340628147125244,
            "min": 1.3340628147125244,
            "max": 1.3840243816375732,
            "count": 9
        },
        "RollerAgent.Policy.Entropy.sum": {
            "value": 1286.0364990234375,
            "min": 1286.0364990234375,
            "max": 1440.58544921875,
            "count": 9
        },
        "RollerAgent.Step.mean": {
            "value": 17941.0,
            "min": 9991.0,
            "max": 17941.0,
            "count": 9
        },
        "RollerAgent.Step.sum": {
            "value": 17941.0,
            "min": 9991.0,
            "max": 17941.0,
            "count": 9
        },
        "RollerAgent.Policy.ExtrinsicValueEstimate.mean": {
            "value": -0.12589621543884277,
            "min": -0.15524758398532867,
            "max": 0.20710426568984985,
            "count": 9
        },
        "RollerAgent.Policy.ExtrinsicValueEstimate.sum": {
            "value": -2.3920280933380127,
            "min": -3.2601993083953857,
            "max": 3.934981107711792,
            "count": 9
        },
        "RollerAgent.Losses.PolicyLoss.mean": {
            "value": 0.24510860912193524,
            "min": 0.16166305583957138,
            "max": 0.2549297646441985,
            "count": 9
        },
        "RollerAgent.Losses.PolicyLoss.sum": {
            "value": 1.4706516547316115,
            "min": 1.1316413908769998,
            "max": 1.7845083525093892,
            "count": 9
        },
        "RollerAgent.Losses.ValueLoss.mean": {
            "value": 0.01359261458388506,
            "min": 0.0006562303439584376,
            "max": 0.1400221903607922,
            "count": 9
        },
        "RollerAgent.Losses.ValueLoss.sum": {
            "value": 0.08155568750331035,
            "min": 0.004593612407709063,
            "max": 0.8401331421647532,
            "count": 9
        },
        "RollerAgent.Policy.LearningRate.mean": {
            "value": 0.00028951200349599995,
            "min": 0.00028951200349599995,
            "max": 0.000294282001906,
            "count": 9
        },
        "RollerAgent.Policy.LearningRate.sum": {
            "value": 0.0017370720209759997,
            "min": 0.0017370720209759997,
            "max": 0.002055879014707,
            "count": 9
        },
        "RollerAgent.Policy.Epsilon.mean": {
            "value": 0.3895120000000001,
            "min": 0.3895120000000001,
            "max": 0.394282,
            "count": 9
        },
        "RollerAgent.Policy.Epsilon.sum": {
            "value": 2.3370720000000005,
            "min": 2.3370720000000005,
            "max": 2.7558789999999997,
            "count": 9
        },
        "RollerAgent.Policy.Beta.mean": {
            "value": 0.00048286959999999996,
            "min": 0.00048286959999999996,
            "max": 0.0004906606000000001,
            "count": 9
        },
        "RollerAgent.Policy.Beta.sum": {
            "value": 0.0028972176,
            "min": 0.0028972176,
            "max": 0.0034279357,
            "count": 9
        },
        "RollerAgent.Environment.EpisodeLength.mean": {
            "value": 149.0,
            "min": 149.0,
            "max": 149.0,
            "count": 9
        },
        "RollerAgent.Environment.EpisodeLength.sum": {
            "value": 894.0,
            "min": 894.0,
            "max": 1043.0,
            "count": 9
        },
        "RollerAgent.Environment.CumulativeReward.mean": {
            "value": -0.6666666666666666,
            "min": -1.0,
            "max": -0.5,
            "count": 9
        },
        "RollerAgent.Environment.CumulativeReward.sum": {
            "value": -4.0,
            "min": -6.0,
            "max": -3.0,
            "count": 9
        },
        "RollerAgent.Policy.ExtrinsicReward.mean": {
            "value": -0.6666666666666666,
            "min": -1.0,
            "max": -0.5,
            "count": 9
        },
        "RollerAgent.Policy.ExtrinsicReward.sum": {
            "value": -4.0,
            "min": -6.0,
            "max": -3.0,
            "count": 9
        },
        "RollerAgent.IsTraining.mean": {
            "value": 1.0,
            "min": 1.0,
            "max": 1.0,
            "count": 9
        },
        "RollerAgent.IsTraining.sum": {
            "value": 1.0,
            "min": 1.0,
            "max": 1.0,
            "count": 9
        }
    },
    "metadata": {
        "timer_format_version": "0.1.0",
        "start_time_seconds": "1642976727",
        "python_version": "3.7.11 (default, Jul 27 2021, 09:42:29) [MSC v.1916 64 bit (AMD64)]",
        "command_line_arguments": "C:\\Users\\Usuario\\anaconda3\\envs\\mlagents\\Scripts\\mlagents-learn RollerAgent_config.yaml --run-id=RollerAgent --resume",
        "mlagents_version": "0.27.0",
        "mlagents_envs_version": "0.27.0",
        "communication_protocol_version": "1.5.0",
        "pytorch_version": "1.7.1+cu110",
        "numpy_version": "1.21.5",
        "end_time_seconds": "1642976849"
    },
    "total": 121.81786679999999,
    "count": 1,
    "self": 0.0043284999999855245,
    "children": {
        "run_training.setup": {
            "total": 0.08461449999999993,
            "count": 1,
            "self": 0.08461449999999993
        },
        "TrainerController.start_learning": {
            "total": 121.7289238,
            "count": 1,
            "self": 0.16825110000095833,
            "children": {
                "TrainerController._reset_env": {
                    "total": 7.6776469,
                    "count": 1,
                    "self": 7.6776469
                },
                "TrainerController.advance": {
                    "total": 113.81757769999903,
                    "count": 9951,
                    "self": 0.1747699000003422,
                    "children": {
                        "env_step": {
                            "total": 93.90681149999946,
                            "count": 9951,
                            "self": 78.97149799999939,
                            "children": {
                                "SubprocessEnvManager._take_step": {
                                    "total": 14.826007800000419,
                                    "count": 9951,
                                    "self": 0.50886590000054,
                                    "children": {
                                        "TorchPolicy.evaluate": {
                                            "total": 14.317141899999879,
                                            "count": 9951,
                                            "self": 6.220139300000525,
                                            "children": {
                                                "TorchPolicy.sample_actions": {
                                                    "total": 8.097002599999353,
                                                    "count": 9951,
                                                    "self": 8.097002599999353
                                                }
                                            }
                                        }
                                    }
                                },
                                "workers": {
                                    "total": 0.10930569999966089,
                                    "count": 9950,
                                    "self": 0.0,
                                    "children": {
                                        "worker_root": {
                                            "total": 114.9846079999997,
                                            "count": 9950,
                                            "is_parallel": true,
                                            "self": 43.362286600000004,