{
    "name": "root",
    "gauges": {
        "RollerAgent.Policy.Entropy.mean": {
            "value": 0.9241477847099304,
            "min": 0.9241477847099304,
            "max": 1.4181636571884155,
            "count": 136
        },
        "RollerAgent.Policy.Entropy.sum": {
            "value": 913.0579833984375,
            "min": 902.198486328125,
            "max": 1476.308349609375,
            "count": 136
        },
        "RollerAgent.Step.mean": {
            "value": 135995.0,
            "min": 977.0,
            "max": 135995.0,
            "count": 136
        },
        "RollerAgent.Step.sum": {
            "value": 135995.0,
            "min": 977.0,
            "max": 135995.0,
            "count": 136
        },
        "RollerAgent.Policy.ExtrinsicValueEstimate.mean": {
            "value": 0.724524736404419,
            "min": -0.40009674429893494,
            "max": 2.0064685344696045,
            "count": 136
        },
        "RollerAgent.Policy.ExtrinsicValueEstimate.sum": {
            "value": 19.56216812133789,
            "min": -10.402515411376953,
            "max": 54.17464828491211,
            "count": 136
        },
        "RollerAgent.Environment.EpisodeLength.mean": {
            "value": 74.14285714285714,
            "min": 74.07142857142857,
            "max": 74.15384615384616,
            "count": 136
        },
        "RollerAgent.Environment.EpisodeLength.sum": {
            "value": 1038.0,
            "min": 963.0,
            "max": 1038.0,
            "count": 136
        },
        "RollerAgent.Environment.CumulativeReward.mean": {
            "value": 5.153846153846154,
            "min": 0.0,
            "max": 6.076923076923077,
            "count": 136
        },
        "RollerAgent.Environment.CumulativeReward.sum": {
            "value": 67.0,
            "min": 0.0,
            "max": 82.0,
            "count": 136
        },
        "RollerAgent.Policy.ExtrinsicReward.mean": {
            "value": 5.153846153846154,
            "min": 0.0,
            "max": 6.076923076923077,
            "count": 136
        },
        "RollerAgent.Policy.ExtrinsicReward.sum": {
            "value": 67.0,
            "min": 0.0,
            "max": 82.0,
            "count": 136
        },
        "RollerAgent.Losses.PolicyLoss.mean": {
            "value": 0.2528400701670242,
            "min": 0.22244172155236203,
            "max": 0.27093753752731514,
            "count": 136
        },
        "RollerAgent.Losses.PolicyLoss.sum": {
            "value": 1.7698804911691695,
            "min": 1.3402132120397356,
            "max": 1.896562762691206,
            "count": 136
        },
        "RollerAgent.Losses.ValueLoss.mean": {
            "value": 0.32993959904101394,
            "min": 7.32607704380657e-05,
            "max": 2.9799898192976357,
            "count": 136
        },
        "RollerAgent.Losses.ValueLoss.sum": {
            "value": 2.3095771932870974,
            "min": 0.0004395646226283942,
            "max": 17.879938915785814,
            "count": 136
        },
        "RollerAgent.Policy.LearningRate.mean": {
            "value": 0.00024194157037322447,
            "min": 0.00024194157037322447,
            "max": 0.0002997792143593095,
            "count": 136
        },
        "RollerAgent.Policy.LearningRate.sum": {
            "value": 0.0016935909926125714,
            "min": 0.0014541596867087142,
            "max": 0.002095525715777143,
            "count": 136
        },
        "RollerAgent.Policy.Epsilon.mean": {
            "value": 0.3419415510204082,
            "min": 0.3419415510204082,
            "max": 0.3997792142857144,
            "count": 136
        },
        "RollerAgent.Policy.Epsilon.sum": {
            "value": 2.3935908571428572,
            "min": 2.054159571428572,
            "max": 2.795525714285714,
            "count": 136
        },
        "RollerAgent.Policy.Beta.mean": {
            "value": 0.0004051711999999999,
            "min": 0.0004051711999999999,
            "max": 0.0004996393833333334,
            "count": 136
        },
        "RollerAgent.Policy.Beta.sum": {
            "value": 0.0028361983999999995,
            "min": 0.0024351273,
            "max": 0.003492692,
            "count": 136
        },
        "RollerAgent.IsTraining.mean": {
            "value": 1.0,
            "min": 1.0,
            "max": 1.0,
            "count": 136
        },
        "RollerAgent.IsTraining.sum": {
            "value": 1.0,
            "min": 1.0,
            "max": 1.0,
            "count": 136
        }
    },
    "metadata": {
        "timer_format_version": "0.1.0",
        "start_time_seconds": "1642948276",
        "python_version": "3.7.11 (default, Jul 27 2021, 09:42:29) [MSC v.1916 64 bit (AMD64)]",
        "command_line_arguments": "C:\\Users\\Msi\\anaconda3\\envs\\mlagents\\Scripts\\mlagents-learn RollerAgent_config.yaml --run-id=RollerAgent --force",
        "mlagents_version": "0.27.0",
        "mlagents_envs_version": "0.27.0",
        "communication_protocol_version": "1.5.0",
        "pytorch_version": "1.7.1+cpu",
        "numpy_version": "1.21.5",
        "end_time_seconds": "1642949767"
    },
    "total": 1491.4335134,
    "count": 1,
    "self": 0.0062954999998510175,
    "children": {
        "run_training.setup": {
            "total": 0.06428050000000007,
            "count": 1,
            "self": 0.06428050000000007
        },
        "TrainerController.start_learning": {
            "total": 1491.3629374000002,
            "count": 1,
            "self": 3.0960170999842376,
            "children": {
                "TrainerController._reset_env": {
                    "total": 4.499292199999999,
                    "count": 1,
                    "self": 4.499292199999999
                },
                "TrainerController.advance": {
                    "total": 1483.687549200016,
                    "count": 137968,
                    "self": 3.0475918000090587,
                    "children": {
                        "env_step": {
                            "total": 1299.8346252999788,
                            "count": 137968,
                            "self": 1194.7201149999569,
                            "children": {
                                "SubprocessEnvManager._take_step": {
                                    "total": 103.1590091000089,
                                    "count": 137968,
                                    "self": 7.6661238999981975,
                                    "children": {
                                        "TorchPolicy.evaluate": {
                                            "total": 95.4928852000107,
                                            "count": 136334,
                                            "self": 20.002647900019497,
                                            "children": {
                                                "TorchPolicy.sample_actions": {
                                                    "total": 75.49023729999121,
                                                    "count": 136334,
                                                    "self": 75.49023729999121
                                                }
                                            }
                                        }
                                    }
                                },
                                "workers": {
                                    "total": 1.955501200013007,
                                    "count": 137967,
                                    "self": 0.0,
                                    "children": {
                                        "worker_root": {
                                            "total": 1482.9951161999925,
                                            "count": 137967,
                                            "is_parallel": true,