{
    "name": "root",
    "gauges": {
        "RollerAgent.Policy.Entropy.mean": {
            "value": 1.4008485078811646,
            "min": 1.39815354347229,
            "max": 1.4154460430145264,
            "count": 5
        },
        "RollerAgent.Policy.Entropy.sum": {
            "value": 1398.0467529296875,
            "min": 1398.0467529296875,
            "max": 1419.6923828125,
            "count": 5
        },
        "RollerAgent.Environment.EpisodeLength.mean": {
            "value": 8.596153846153847,
            "min": 8.314814814814815,
            "max": 12.554054054054054,
            "count": 5
        },
        "RollerAgent.Environment.EpisodeLength.sum": {
            "value": 894.0,
            "min": 894.0,
            "max": 929.0,
            "count": 5
        },
        "RollerAgent.Step.mean": {
            "value": 4997.0,
            "min": 987.0,
            "max": 4997.0,
            "count": 5
        },
        "RollerAgent.Step.sum": {
            "value": 4997.0,
            "min": 987.0,
            "max": 4997.0,
            "count": 5
        },
        "RollerAgent.Policy.ExtrinsicValueEstimate.mean": {
            "value": 0.43278756737709045,
            "min": 0.1927507370710373,
            "max": 0.47748374938964844,
            "count": 5
        },
        "RollerAgent.Policy.ExtrinsicValueEstimate.sum": {
            "value": 45.00990676879883,
            "min": 14.07080364227295,
            "max": 51.56824493408203,
            "count": 5
        },
        "RollerAgent.Environment.CumulativeReward.mean": {
            "value": 0.5192307692307693,
            "min": 0.3013698630136986,
            "max": 0.5192307692307693,
            "count": 5
        },
        "RollerAgent.Environment.CumulativeReward.sum": {
            "value": 54.0,
            "min": 22.0,
            "max": 54.0,
            "count": 5
        },
        "RollerAgent.Policy.ExtrinsicReward.mean": {
            "value": 0.5192307692307693,
            "min": 0.3013698630136986,
            "max": 0.5192307692307693,
            "count": 5
        },
        "RollerAgent.Policy.ExtrinsicReward.sum": {
            "value": 54.0,
            "min": 22.0,
            "max": 54.0,
            "count": 5
        },
        "RollerAgent.Losses.PolicyLoss.mean": {
            "value": 0.26371288849492414,
            "min": 0.2396783097249721,
            "max": 0.26371288849492414,
            "count": 5
        },
        "RollerAgent.Losses.PolicyLoss.sum": {
            "value": 2.6371288849492416,
            "min": 2.157104787524749,
            "max": 2.6371288849492416,
            "count": 5
        },
        "RollerAgent.Losses.ValueLoss.mean": {
            "value": 0.08997066725398216,
            "min": 0.08997066725398216,
            "max": 0.14849317811667817,
            "count": 5
        },
        "RollerAgent.Losses.ValueLoss.sum": {
            "value": 0.8997066725398216,
            "min": 0.8997066725398216,
            "max": 1.3364386030501036,
            "count": 5
        },
        "RollerAgent.Policy.LearningRate.mean": {
            "value": 0.00029729958090013995,
            "min": 0.00029729958090013995,
            "max": 0.00029967680010773334,
            "count": 5
        },
        "RollerAgent.Policy.LearningRate.sum": {
            "value": 0.0029729958090013997,
            "min": 0.0026810784063071996,
            "max": 0.0029907948030684006,
            "count": 5
        },
        "RollerAgent.Policy.Epsilon.mean": {
            "value": 0.19909985999999996,
            "min": 0.19909985999999996,
            "max": 0.1998922666666667,
            "count": 5
        },
        "RollerAgent.Policy.Epsilon.sum": {
            "value": 1.9909985999999997,
            "min": 1.7936928,
            "max": 1.9969316000000001,
            "count": 5
        },
        "RollerAgent.Policy.Beta.mean": {
            "value": 0.0004955893140000001,
            "min": 0.0004955893140000001,
            "max": 0.0004994721066666668,
            "count": 5
        },
        "RollerAgent.Policy.Beta.sum": {
            "value": 0.004955893140000001,
            "min": 0.004469094719999999,
            "max": 0.00498496484,
            "count": 5
        },
        "RollerAgent.IsTraining.mean": {
            "value": 1.0,
            "min": 1.0,
            "max": 1.0,
            "count": 5
        },
        "RollerAgent.IsTraining.sum": {
            "value": 1.0,
            "min": 1.0,
            "max": 1.0,
            "count": 5
        }
    },
    "metadata": {
        "timer_format_version": "0.1.0",
        "start_time_seconds": "1641298820",
        "python_version": "3.7.11 (default, Jul 27 2021, 09:42:29) [MSC v.1916 64 bit (AMD64)]",
        "command_line_arguments": "C:\\Users\\Usuario\\anaconda3\\envs\\mlagents\\Scripts\\mlagents-learn RollerAgent_config.yaml --run-id=RollerAgent --force",
        "mlagents_version": "0.27.0",
        "mlagents_envs_version": "0.27.0",
        "communication_protocol_version": "1.5.0",
        "pytorch_version": "1.7.1+cu110",
        "numpy_version": "1.21.5",
        "end_time_seconds": "1641298884"
    },
    "total": 63.729068,
    "count": 1,
    "self": 0.004636499999996602,
    "children": {
        "run_training.setup": {
            "total": 0.07437740000000004,
            "count": 1,
            "self": 0.07437740000000004
        },
        "TrainerController.start_learning": {
            "total": 63.6500541,
            "count": 1,
            "self": 0.10260570000001934,
            "children": {
                "TrainerController._reset_env": {
                    "total": 5.3727947,
                    "count": 1,
                    "self": 5.3727947
                },
                "TrainerController.advance": {
                    "total": 58.09072399999998,
                    "count": 6160,
                    "self": 0.1065285999998693,
                    "children": {
                        "env_step": {
                            "total": 46.68409180000012,
                            "count": 6160,
                            "self": 38.32834559999974,
                            "children": {
                                "SubprocessEnvManager._take_step": {
                                    "total": 8.292024400000257,
                                    "count": 6160,
                                    "self": 0.27122490000015453,
                                    "children": {
                                        "TorchPolicy.evaluate": {
                                            "total": 8.020799500000102,
                                            "count": 5664,
                                            "self": 3.356196500000026,
                                            "children": {
                                                "TorchPolicy.sample_actions": {
                                                    "total": 4.664603000000076,
                                                    "count": 5664,
                                                    "self": 4.664603000000076
                                                }
                                            }
                                        }
                                    }
                                },
                                "workers": {
                                    "total": 0.06372180000011873,
                                    "count": 6159,
                                    "self": 0.0,
                                    "children": {
                                        "worker_root": {
                                            "total": 59.25660230000024,
                                            "count": 6159,
                                            "is_parallel": true,
                                            "self": 25.21598710000005,