{
    "name": "root",
    "gauges": {
        "RollerAgent.Policy.Entropy.mean": {
            "value": 1.336241602897644,
            "min": 1.336241602897644,
            "max": 1.4360511302947998,
            "count": 42
        },
        "RollerAgent.Policy.Entropy.sum": {
            "value": 1389.6912841796875,
            "min": 1310.89501953125,
            "max": 1507.710205078125,
            "count": 42
        },
        "RollerAgent.Step.mean": {
            "value": 41981.0,
            "min": 977.0,
            "max": 41981.0,
            "count": 42
        },
        "RollerAgent.Step.sum": {
            "value": 41981.0,
            "min": 977.0,
            "max": 41981.0,
            "count": 42
        },
        "RollerAgent.Policy.ExtrinsicValueEstimate.mean": {
            "value": 0.1092267706990242,
            "min": -0.01541562844067812,
            "max": 2.129005193710327,
            "count": 42
        },
        "RollerAgent.Policy.ExtrinsicValueEstimate.sum": {
            "value": 2.949122905731201,
            "min": -0.40080633759498596,
            "max": 55.35413360595703,
            "count": 42
        },
        "RollerAgent.Environment.EpisodeLength.mean": {
            "value": 74.07692307692308,
            "min": 74.07142857142857,
            "max": 74.15384615384616,
            "count": 42
        },
        "RollerAgent.Environment.EpisodeLength.sum": {
            "value": 963.0,
            "min": 963.0,
            "max": 1038.0,
            "count": 42
        },
        "RollerAgent.Environment.CumulativeReward.mean": {
            "value": 1.0,
            "min": 0.0,
            "max": 4.0,
            "count": 42
        },
        "RollerAgent.Environment.CumulativeReward.sum": {
            "value": 14.0,
            "min": 0.0,
            "max": 56.0,
            "count": 42
        },
        "RollerAgent.Policy.ExtrinsicReward.mean": {
            "value": 1.0,
            "min": 0.0,
            "max": 4.0,
            "count": 42
        },
        "RollerAgent.Policy.ExtrinsicReward.sum": {
            "value": 14.0,
            "min": 0.0,
            "max": 56.0,
            "count": 42
        },
        "RollerAgent.Losses.PolicyLoss.mean": {
            "value": 0.24742709030397236,
            "min": 0.18715777320007515,
            "max": 0.2614411768043831,
            "count": 42
        },
        "RollerAgent.Losses.PolicyLoss.sum": {
            "value": 1.4845625418238342,
            "min": 1.166099168741817,
            "max": 1.830088237630682,
            "count": 42
        },
        "RollerAgent.Losses.ValueLoss.mean": {
            "value": 0.01187508821309267,
            "min": 0.002721862371328436,
            "max": 0.8706436444349862,
            "count": 42
        },
        "RollerAgent.Losses.ValueLoss.sum": {
            "value": 0.07125052927855602,
            "min": 0.018757789940290575,
            "max": 5.4462374087837,
            "count": 42
        },
        "RollerAgent.Policy.LearningRate.mean": {
            "value": 0.00027508820830393334,
            "min": 0.00027508820830393334,
            "max": 0.0002996909001030333,
            "count": 42
        },
        "RollerAgent.Policy.LearningRate.sum": {
            "value": 0.0016505292498236001,
            "min": 0.0016505292498236001,
            "max": 0.0020937360020879996,
            "count": 42
        },
        "RollerAgent.Policy.Epsilon.mean": {
            "value": 0.37508820000000004,
            "min": 0.37508820000000004,
            "max": 0.3996909000000001,
            "count": 42
        },
        "RollerAgent.Policy.Epsilon.sum": {
            "value": 2.2505292000000003,
            "min": 2.2505292000000003,
            "max": 2.7937360000000004,
            "count": 42
        },
        "RollerAgent.Policy.Beta.mean": {
            "value": 0.0004593107266666666,
            "min": 0.0004593107266666666,
            "max": 0.0004994951366666668,
            "count": 42
        },
        "RollerAgent.Policy.Beta.sum": {
            "value": 0.0027558643599999997,
            "min": 0.0027558643599999997,
            "max": 0.0034897687999999997,
            "count": 42
        },
        "RollerAgent.IsTraining.mean": {
            "value": 1.0,
            "min": 1.0,
            "max": 1.0,
            "count": 42
        },
        "RollerAgent.IsTraining.sum": {
            "value": 1.0,
            "min": 1.0,
            "max": 1.0,
            "count": 42
        }
    },
    "metadata": {
        "timer_format_version": "0.1.0",
        "start_time_seconds": "1642530032",
        "python_version": "3.7.11 (default, Jul 27 2021, 09:42:29) [MSC v.1916 64 bit (AMD64)]",
        "command_line_arguments": "C:\\Users\\Usuario\\anaconda3\\envs\\mlagents\\Scripts\\mlagents-learn RollerAgent_config.yaml --run-id=RollerAgent --force",
        "mlagents_version": "0.27.0",
        "mlagents_envs_version": "0.27.0",
        "communication_protocol_version": "1.5.0",
        "pytorch_version": "1.7.1+cu110",
        "numpy_version": "1.21.5",
        "end_time_seconds": "1642530511"
    },
    "total": 479.4590045,
    "count": 1,
    "self": 0.004238399999962894,
    "children": {
        "run_training.setup": {
            "total": 0.07522679999999993,
            "count": 1,
            "self": 0.07522679999999993
        },
        "TrainerController.start_learning": {
            "total": 479.37953930000003,
            "count": 1,
            "self": 0.7352072999947836,
            "children": {
                "TrainerController._reset_env": {
                    "total": 5.6129351,
                    "count": 1,
                    "self": 5.6129351
                },
                "TrainerController.advance": {
                    "total": 472.96823570000527,
                    "count": 42647,
                    "self": 0.7788612000108515,
                    "children": {
                        "env_step": {
                            "total": 386.1964996999964,
                            "count": 42647,
                            "self": 323.6472445000007,
                            "children": {
                                "SubprocessEnvManager._take_step": {
                                    "total": 62.08782539999794,
                                    "count": 42647,
                                    "self": 2.1277680000010832,
                                    "children": {
                                        "TorchPolicy.evaluate": {
                                            "total": 59.960057399996856,
                                            "count": 42142,
                                            "self": 26.475044200000156,
                                            "children": {
                                                "TorchPolicy.sample_actions": {
                                                    "total": 33.4850131999967,
                                                    "count": 42142,
                                                    "self": 33.4850131999967
                                                }
                                            }
                                        }
                                    }
                                },
                                "workers": {
                                    "total": 0.4614297999977808,
                                    "count": 42646,
                                    "self": 0.0,
                                    "children": {
                                        "worker_root": {
                                            "total": 473.946293200006,
                                            "count": 42646,
                                            "is_parallel": true,
                                            "self": 182.100455600003,